Model,MAE,R2 Score
Ensemble,2827.627470796066,0.8666747710537114
