Model,MAE,R2 Score
FeedForwardNN,3686.600840098822,0.8147706087805043
